iter	RMSE
0	15817.62606
2000	6.881852976
4000	0.4026891851
6000	0.2078935358
8000	0.2059430504
10000	0.2059330439
12000	0.2059329439
14000	0.2059329429
16000	0.2059329429
18000	0.2059329429
19999	0.2059329429
