iter	RMSE
0	14005.18883
400	1716.195326
800	1281.588965
1200	1033.281242
1600	971.3211898
2000	938.6093517
2400	911.0580356
2800	702.2078496
3200	691.7500203
3600	633.3547941
4000	623.3321428
4400	578.082986
4800	572.4843925
5200	567.4439976
5600	564.7040526
6000	563.9807099
6400	526.0785003
