iter	RMSE
0	27484.55719
1000	27.15341217
2000	2.987940093
3000	0.3571083611
4000	0.04147983173
5000	0.004939463087
6000	0.0006020984905
7000	7.029829882e-05
8000	8.731022021e-06
9000	1.076478846e-06
9999	1.317357178e-07
